run_id,source,bytes,sha256,log_file,clipped_strings
20261007T222919613643Z-codex.web.CN01.r1-a1,codex-home/sessions/2026/10/07/rollout-2026-10-07T18-29-20-<redacted>.jsonl,84234,628ee4707cda00093f8ac1803bd1e9a40671bddaac51227c17c028085e76ff6e,logs/20261007T222919613643Z-codex.web.CN01.r1-a1.jsonl.gz,2
20261007T222919614123Z-codex.archivist.CN01.r1-a1,codex-home/sessions/2026/10/07/rollout-2026-10-07T18-29-21-<redacted>.jsonl,125485,3783e0cf41737a80e53cdf391a7e2a8e6bc95eae6a41a7df74fd9fbb3f1b9e89,logs/20261007T222919614123Z-codex.archivist.CN01.r1-a1.jsonl.gz,10
20261007T222930152656Z-codex.both.CN01.r1-a1,codex-home/sessions/2026/10/07/rollout-2026-10-07T18-29-31-<redacted>.jsonl,90271,ec13ad2e2e78943550f4e0b20a59c397ebc788460c1a382669beab56b4c707d8,logs/20261007T222930152656Z-codex.both.CN01.r1-a1.jsonl.gz,3
20261007T222935220438Z-codex.web.CN02.r1-a1,codex-home/sessions/2026/10/07/rollout-2026-10-07T18-29-36-<redacted>.jsonl,66669,2a101b7c57835b47c7603393bbabddb904106790626aeb05ce5113ca819a02bf,logs/20261007T222935220438Z-codex.web.CN02.r1-a1.jsonl.gz,2
20261007T222944027689Z-codex.archivist.CN02.r1-a1,codex-home/sessions/2026/10/07/rollout-2026-10-07T18-29-45-<redacted>.jsonl,132600,e2dc77daec1b14a787cd31b9a1df60aa20219b619538f7cf45ca15c9331c8602,logs/20261007T222944027689Z-codex.archivist.CN02.r1-a1.jsonl.gz,12
20261007T222946318390Z-codex.both.CN02.r1-a1,codex-home/sessions/2026/10/07/rollout-2026-10-07T18-29-47-<redacted>.jsonl,66646,44a0d3635c4b7ea7d192a2a51c9b34b188aa471c0a44ae87f4ff01dba28034db,logs/20261007T222946318390Z-codex.both.CN02.r1-a1.jsonl.gz,2
20261007T222956939128Z-codex.web.CN03.r1-a1,codex-home/sessions/2026/10/07/rollout-2026-10-07T18-29-57-<redacted>.jsonl,92820,5e7833f953095cc50d9466cc5dac6c246e16ac8a27c9cd6fa65b64f1a8250e02,logs/20261007T222956939128Z-codex.web.CN03.r1-a1.jsonl.gz,2
20261007T223005498338Z-codex.archivist.CN03.r1-a1,codex-home/sessions/2026/10/07/rollout-2026-10-07T18-30-06-<redacted>.jsonl,132616,dadb83bc7f064ca6a121dd451d3ba29b89c53f30f8f7b48f83ba09732b0b4f05,logs/20261007T223005498338Z-codex.archivist.CN03.r1-a1.jsonl.gz,11
20261007T223007701533Z-codex.both.CN03.r1-a1,codex-home/sessions/2026/10/07/rollout-2026-10-07T18-30-08-<redacted>.jsonl,94392,9c8fda8f270fe5dafb3a5e32e3c660df1e71a3cf40a029ca63e8d86abf178865,logs/20261007T223007701533Z-codex.both.CN03.r1-a1.jsonl.gz,2
20261007T223019967511Z-codex.web.CN04.r1-a1,codex-home/sessions/2026/10/07/rollout-2026-10-07T18-30-20-<redacted>.jsonl,67621,ff16ed7bbc28ced51c58ca7d4a809f5c0108394a3ce61350ba01503128b45ecf,logs/20261007T223019967511Z-codex.web.CN04.r1-a1.jsonl.gz,2
20261007T223031827328Z-codex.archivist.CN04.r1-a1,codex-home/sessions/2026/10/07/rollout-2026-10-07T18-30-32-<redacted>.jsonl,112094,0d766e6f9c023e27522c67207ce5516c2f00eb2fbe38753bbb5f27b80575682f,logs/20261007T223031827328Z-codex.archivist.CN04.r1-a1.jsonl.gz,7
20261007T223034961821Z-codex.both.CN04.r1-a1,codex-home/sessions/2026/10/07/rollout-2026-10-07T18-30-36-<redacted>.jsonl,89339,878ee57af12c4a85eda48ac5f53a394e04f0f74ce6ee0b1b9d779c3056cfdc8e,logs/20261007T223034961821Z-codex.both.CN04.r1-a1.jsonl.gz,3
20261007T223050668591Z-codex.web.CN05.r1-a1,codex-home/sessions/2026/10/07/rollout-2026-10-07T18-30-52-<redacted>.jsonl,123262,8c34913d5fe0111ec0a459d06439afda6b77e3e96be84f26bdeaf51a0baf5621,logs/20261007T223050668591Z-codex.web.CN05.r1-a1.jsonl.gz,3
20261007T223051090310Z-codex.archivist.CN05.r1-a1,codex-home/sessions/2026/10/07/rollout-2026-10-07T18-30-52-<redacted>.jsonl,130080,4b577e90cfeec03a52985cd9266ff4ba31698aec7790287b622b7767624546a1,logs/20261007T223051090310Z-codex.archivist.CN05.r1-a1.jsonl.gz,5
20261007T223106249929Z-codex.both.CN05.r1-a1,codex-home/sessions/2026/10/07/rollout-2026-10-07T18-31-07-<redacted>.jsonl,121853,3d57954f844dc49a3b51159d62b7faff20213ab210a6e38fc907151fe326e60d,logs/20261007T223106249929Z-codex.both.CN05.r1-a1.jsonl.gz,3
20261007T223110879100Z-codex.web.CN06.r1-a1,codex-home/sessions/2026/10/07/rollout-2026-10-07T18-31-11-<redacted>.jsonl,109806,2368755894978c0fd1b040aa5a8db62c6a096640310106f5af96cfd4c954cf9e,logs/20261007T223110879100Z-codex.web.CN06.r1-a1.jsonl.gz,3
20261007T223124922843Z-codex.archivist.CN06.r1-a1,codex-home/sessions/2026/10/07/rollout-2026-10-07T18-31-26-<redacted>.jsonl,136119,f9d0fef811df3efdd8917417dfc867c22a090b9d527ea4e262af8ba28f887278,logs/20261007T223124922843Z-codex.archivist.CN06.r1-a1.jsonl.gz,8
20261007T223128256829Z-codex.both.CN06.r1-a1,codex-home/sessions/2026/10/07/rollout-2026-10-07T18-31-29-<redacted>.jsonl,113443,c1d684b2dd279167f554abe13b565530565b96835d957af850795c3b12c1dd8f,logs/20261007T223128256829Z-codex.both.CN06.r1-a1.jsonl.gz,3
20261007T223143662791Z-codex.web.CN07.r1-a1,codex-home/sessions/2026/10/07/rollout-2026-10-07T18-31-44-<redacted>.jsonl,83443,b0473cfcb59c5d61dfc1ac37167b525d3b3779ec8bed110a77cbef62f308bffe,logs/20261007T223143662791Z-codex.web.CN07.r1-a1.jsonl.gz,2
20261007T223145980672Z-codex.archivist.CN07.r1-a1,codex-home/sessions/2026/10/07/rollout-2026-10-07T18-31-46-<redacted>.jsonl,107075,2a9b919faca7ebafe28f7af36d13bd4178f7b9ebcb4897778ec44aebec5d868b,logs/20261007T223145980672Z-codex.archivist.CN07.r1-a1.jsonl.gz,8
20261007T223153238188Z-codex.both.CN07.r1-a1,codex-home/sessions/2026/10/07/rollout-2026-10-07T18-31-54-<redacted>.jsonl,91171,30db512049fbde4778ede9d9765e0b8d168bff178b3037e3879098e0a51f5044,logs/20261007T223153238188Z-codex.both.CN07.r1-a1.jsonl.gz,3
20261007T223208549018Z-codex.web.CN08.r1-a1,codex-home/sessions/2026/10/07/rollout-2026-10-07T18-32-09-<redacted>.jsonl,100451,07f537b65df8c27f1c13de4e6c3dfa94a378f9d1e0cda0c9c4dfd736564b8665,logs/20261007T223208549018Z-codex.web.CN08.r1-a1.jsonl.gz,3
20261007T223224784335Z-codex.archivist.CN08.r1-a1,codex-home/sessions/2026/10/07/rollout-2026-10-07T18-32-25-<redacted>.jsonl,203690,297083e5ca542987ccdc7bb3bfb7ef90273c79760413f707c72cdd057b93c4e5,logs/20261007T223224784335Z-codex.archivist.CN08.r1-a1.jsonl.gz,10
20261007T223229661044Z-codex.both.CN08.r1-a1,codex-home/sessions/2026/10/07/rollout-2026-10-07T18-32-30-<redacted>.jsonl,97732,373cf0b198e7b10d1e5418b3aee6ba9195408129fb95f414034dcb3412f97b60,logs/20261007T223229661044Z-codex.both.CN08.r1-a1.jsonl.gz,3
20261007T223247391468Z-codex.web.CN09.r1-a1,codex-home/sessions/2026/10/07/rollout-2026-10-07T18-32-48-<redacted>.jsonl,88321,9a571ec8ce83a15db8082d1f2ff3f016ccf0a5437a8c002672e0e31bf5849ec8,logs/20261007T223247391468Z-codex.web.CN09.r1-a1.jsonl.gz,2
20261007T223257959116Z-codex.archivist.CN09.r1-a1,codex-home/sessions/2026/10/07/rollout-2026-10-07T18-32-58-<redacted>.jsonl,130107,d989cd8c0dd4511e7131d76e7ca2fe41b90d39a3fb51837a7db83d2243114cb1,logs/20261007T223257959116Z-codex.archivist.CN09.r1-a1.jsonl.gz,8
20261007T223313952973Z-codex.both.CN09.r1-a1,codex-home/sessions/2026/10/07/rollout-2026-10-07T18-33-14-<redacted>.jsonl,89355,a3d197a2bac613c7e7b2fe82ba55fed277feeec64009f08dade8f091b03cba9b,logs/20261007T223313952973Z-codex.both.CN09.r1-a1.jsonl.gz,2
20261007T223314696819Z-codex.web.CN10.r1-a1,codex-home/sessions/2026/10/07/rollout-2026-10-07T18-33-15-<redacted>.jsonl,70344,dba66467c4bf6722f15f4ede553e2267c62133af1ea55c84f07e2318eabde609,logs/20261007T223314696819Z-codex.web.CN10.r1-a1.jsonl.gz,2
20261007T223326823521Z-codex.archivist.CN10.r1-a1,codex-home/sessions/2026/10/07/rollout-2026-10-07T18-33-27-<redacted>.jsonl,98322,725d076d6da330b37bc7f32e38e7c3ec9100f8efc5e38ef34ba4f6ccd849297e,logs/20261007T223326823521Z-codex.archivist.CN10.r1-a1.jsonl.gz,4
20261007T223329874298Z-codex.both.CN10.r1-a1,codex-home/sessions/2026/10/07/rollout-2026-10-07T18-33-31-<redacted>.jsonl,90684,5a9a7502ba670baf68ef3205e6a5e2b5330f2dcdd4ad63b50c21937498ec1651,logs/20261007T223329874298Z-codex.both.CN10.r1-a1.jsonl.gz,2
20261007T223339701171Z-codex.web.CN11.r1-a1,codex-home/sessions/2026/10/07/rollout-2026-10-07T18-33-41-<redacted>.jsonl,102186,f197d53cd7f6a9b87227f9521aef7ebb8561398ce42d8d39bf9a7a5f5d237458,logs/20261007T223339701171Z-codex.web.CN11.r1-a1.jsonl.gz,3
20261007T223353294444Z-codex.archivist.CN11.r1-a1,codex-home/sessions/2026/10/07/rollout-2026-10-07T18-33-54-<redacted>.jsonl,98421,911b8ea4050c43a17852a26c5b1b1e478d128dfd009d980d5625e41ca7b39490,logs/20261007T223353294444Z-codex.archivist.CN11.r1-a1.jsonl.gz,4
20261007T223356262957Z-codex.both.CN11.r1-a1,codex-home/sessions/2026/10/07/rollout-2026-10-07T18-33-57-<redacted>.jsonl,83683,cfbc51b23acf8067da30ae501cfe762f77db3f441df282dbfb4079b0eebedd4a,logs/20261007T223356262957Z-codex.both.CN11.r1-a1.jsonl.gz,2
20261007T223406784773Z-codex.web.CN12.r1-a1,codex-home/sessions/2026/10/07/rollout-2026-10-07T18-34-07-<redacted>.jsonl,92293,dad1ecbdfa70a0802bd72aa08d0222b163eef263e47bc59d50a19ca0289a9666,logs/20261007T223406784773Z-codex.web.CN12.r1-a1.jsonl.gz,2
20261007T223412380714Z-codex.archivist.CN12.r1-a1,codex-home/sessions/2026/10/07/rollout-2026-10-07T18-34-13-<redacted>.jsonl,217862,ac2d7bcf9518e96bc2d3653d988b8fe6573ad0caf9bd936e434665c24b9cdaec,logs/20261007T223412380714Z-codex.archivist.CN12.r1-a1.jsonl.gz,10
20261007T223418767562Z-codex.both.CN12.r1-a1,codex-home/sessions/2026/10/07/rollout-2026-10-07T18-34-19-<redacted>.jsonl,93716,30fa4f8309789462d95a19210db33e52e050d25097bfae0b809f8d032107d70d,logs/20261007T223418767562Z-codex.both.CN12.r1-a1.jsonl.gz,2
20261007T223435181167Z-codex.web.CN13.r1-a1,codex-home/sessions/2026/10/07/rollout-2026-10-07T18-34-36-<redacted>.jsonl,90860,1013758529eb3f2b2857b7fbfff333c6a877cd0a79f14e0295342bc49193e9e1,logs/20261007T223435181167Z-codex.web.CN13.r1-a1.jsonl.gz,2
20261007T223444583165Z-codex.archivist.CN13.r1-a1,codex-home/sessions/2026/10/07/rollout-2026-10-07T18-34-45-<redacted>.jsonl,139105,53a303ed5d4c91aa5590ffae7104abba9a8d905bea379dfa4629aa844bd7cc96,logs/20261007T223444583165Z-codex.archivist.CN13.r1-a1.jsonl.gz,8
20261007T223501644847Z-codex.both.CN13.r1-a1,codex-home/sessions/2026/10/07/rollout-2026-10-07T18-35-02-<redacted>.jsonl,110340,540cc08ce6272e3b873fd7fb4119351e963610d90d979d65d31dfe918d288b6d,logs/20261007T223501644847Z-codex.both.CN13.r1-a1.jsonl.gz,3
20261007T223503955290Z-codex.web.CN14.r1-a1,codex-home/sessions/2026/10/07/rollout-2026-10-07T18-35-04-<redacted>.jsonl,85220,ceb8b4f3e44c190ee4dc894ab159511bccdf6b658801912115fcd24f0849492f,logs/20261007T223503955290Z-codex.web.CN14.r1-a1.jsonl.gz,2
20261007T223513970960Z-codex.archivist.CN14.r1-a1,codex-home/sessions/2026/10/07/rollout-2026-10-07T18-35-15-<redacted>.jsonl,174770,c7375b084134e956b8de52e74245e92413bac2a5ec82ff2b2c9ea078d70bc626,logs/20261007T223513970960Z-codex.archivist.CN14.r1-a1.jsonl.gz,17
20261007T223514199966Z-codex.both.CN14.r1-a1,codex-home/sessions/2026/10/07/rollout-2026-10-07T18-35-15-<redacted>.jsonl,95180,f6cb8fab26261b3fd79e5492adb4141261aca2b01085613d5167831ce1dd1a21,logs/20261007T223514199966Z-codex.both.CN14.r1-a1.jsonl.gz,3
20261007T223528348787Z-codex.web.CN15.r1-a1,codex-home/sessions/2026/10/07/rollout-2026-10-07T18-35-29-<redacted>.jsonl,84615,fe26c163c5218db84d980175a76b23e9bd7f95ef518b98398d7cc7c8afbc234e,logs/20261007T223528348787Z-codex.web.CN15.r1-a1.jsonl.gz,3
20261007T223539776125Z-codex.archivist.CN15.r1-a1,codex-home/sessions/2026/10/07/rollout-2026-10-07T18-35-40-<redacted>.jsonl,106764,cbbbfc1e6030b983a4ab610f0f9df89919d7223606fe0a1f061a941633758c19,logs/20261007T223539776125Z-codex.archivist.CN15.r1-a1.jsonl.gz,5
20261007T223543714578Z-codex.both.CN15.r1-a1,codex-home/sessions/2026/10/07/rollout-2026-10-07T18-35-44-<redacted>.jsonl,84443,6601cb15b4e31d17a99a8787a2ac5399d015c0831ca390634a3bd12a6ab417b5,logs/20261007T223543714578Z-codex.both.CN15.r1-a1.jsonl.gz,2
20261007T223556788205Z-codex.web.CN16.r1-a1,codex-home/sessions/2026/10/07/rollout-2026-10-07T18-35-57-<redacted>.jsonl,106149,da6f9c2c7f5d8a8499f0e3fd79fea6f5b9c7afeaf033697758ca99a0d611b9e4,logs/20261007T223556788205Z-codex.web.CN16.r1-a1.jsonl.gz,3
20261007T223604548181Z-codex.archivist.CN16.r1-a1,codex-home/sessions/2026/10/07/rollout-2026-10-07T18-36-05-<redacted>.jsonl,113267,90dd3ffcd8351452f7adc74f23f692e02a35df7e2ecc32bb4ae368a6fde29960,logs/20261007T223604548181Z-codex.archivist.CN16.r1-a1.jsonl.gz,7
20261007T223611126825Z-codex.both.CN16.r1-a1,codex-home/sessions/2026/10/07/rollout-2026-10-07T18-36-12-<redacted>.jsonl,133774,09f68dc91f65a9211c419546d976d8f67b510b7b686a499db28941f987be70d6,logs/20261007T223611126825Z-codex.both.CN16.r1-a1.jsonl.gz,9
20261007T223624903176Z-codex.web.CN17.r1-a1,codex-home/sessions/2026/10/07/rollout-2026-10-07T18-36-25-<redacted>.jsonl,113089,2e0fba8a5a83111a6e211c59430fe75401f51bc2f87b828ece439d61aee2da74,logs/20261007T223624903176Z-codex.web.CN17.r1-a1.jsonl.gz,4
20261007T223629360730Z-codex.archivist.CN17.r1-a1,codex-home/sessions/2026/10/07/rollout-2026-10-07T18-36-30-<redacted>.jsonl,162959,51c3ed8ad71072c3d7e7426abcad4840743fe6e29cb88d3ec914bea896fe23b1,logs/20261007T223629360730Z-codex.archivist.CN17.r1-a1.jsonl.gz,15
20261007T223642605762Z-codex.both.CN17.r1-a1,codex-home/sessions/2026/10/07/rollout-2026-10-07T18-36-43-<redacted>.jsonl,116251,51ced22491e3d37508ba36c40d8923a328a2a14dd9e1f913549720d259aab8ea,logs/20261007T223642605762Z-codex.both.CN17.r1-a1.jsonl.gz,4
20261007T223652029097Z-codex.web.CN01.r2-a1,codex-home/sessions/2026/10/07/rollout-2026-10-07T18-36-53-<redacted>.jsonl,85186,7a38e2c72ac7718cb51924e9a3ab05a31283b269919e9c50e93a8aca80c0337c,logs/20261007T223652029097Z-codex.web.CN01.r2-a1.jsonl.gz,2
20261007T223700773942Z-codex.archivist.CN01.r2-a1,codex-home/sessions/2026/10/07/rollout-2026-10-07T18-37-01-<redacted>.jsonl,125460,f20221d2c74565c74ce44bb54b042e80159c3bfb04f5caf815bf067966d5586c,logs/20261007T223700773942Z-codex.archivist.CN01.r2-a1.jsonl.gz,10
20261007T223701191303Z-codex.both.CN01.r2-a1,codex-home/sessions/2026/10/07/rollout-2026-10-07T18-37-02-<redacted>.jsonl,86065,322c036ab8c226cabbd9762c55ff076a77d9175e26a6df7fb131524fb5ab467b,logs/20261007T223701191303Z-codex.both.CN01.r2-a1.jsonl.gz,2
20261007T223711246588Z-codex.web.CN02.r2-a1,codex-home/sessions/2026/10/07/rollout-2026-10-07T18-37-11-<redacted>.jsonl,65760,d2868f569066c6ba231dfc6aef873a2a823ef6cb4d41d85bc6c4a022af8bcb3e,logs/20261007T223711246588Z-codex.web.CN02.r2-a1.jsonl.gz,2
20261007T223717720227Z-codex.archivist.CN02.r2-a1,codex-home/sessions/2026/10/07/rollout-2026-10-07T18-37-19-<redacted>.jsonl,130122,09d09ec3b6b058fc7b3891c0cad4127d798a0d68cf8f01c7a70eea05712776a9,logs/20261007T223717720227Z-codex.archivist.CN02.r2-a1.jsonl.gz,11
20261007T223722559036Z-codex.both.CN02.r2-a1,codex-home/sessions/2026/10/07/rollout-2026-10-07T18-37-23-<redacted>.jsonl,65744,60f631db6c1043e6274d6fd6e9544d5fc4216807667584b3c513ddd598ecb1b0,logs/20261007T223722559036Z-codex.both.CN02.r2-a1.jsonl.gz,2
20261007T223732152199Z-codex.web.CN03.r2-a1,codex-home/sessions/2026/10/07/rollout-2026-10-07T18-37-32-<redacted>.jsonl,91947,bc08b1bd9c412add7f9635df394bf7ee9d81e99d5ffabf02296d227b2c74df36,logs/20261007T223732152199Z-codex.web.CN03.r2-a1.jsonl.gz,2
20261007T223739106569Z-codex.archivist.CN03.r2-a1,codex-home/sessions/2026/10/07/rollout-2026-10-07T18-37-41-<redacted>.jsonl,134811,00ae6c5564da9e881e72d3e1412cd4d45a06dcc4237f223e13da1bfd604f1f6d,logs/20261007T223739106569Z-codex.archivist.CN03.r2-a1.jsonl.gz,8
20261007T223745080011Z-codex.both.CN03.r2-a1,codex-home/sessions/2026/10/07/rollout-2026-10-07T18-37-46-<redacted>.jsonl,94437,dc3b79bd65b610fdd363112267f4c368f2ecd6e0d252c4873fb570239dca7d63,logs/20261007T223745080011Z-codex.both.CN03.r2-a1.jsonl.gz,2
20261007T223755937787Z-codex.web.CN04.r2-a1,codex-home/sessions/2026/10/07/rollout-2026-10-07T18-37-56-<redacted>.jsonl,65342,947c8eb47586dce6d2c67d3ac8c9ad3d4417120e5e9659e353c9a9fc76456620,logs/20261007T223755937787Z-codex.web.CN04.r2-a1.jsonl.gz,2
20261007T223801482493Z-codex.archivist.CN04.r2-a1,codex-home/sessions/2026/10/07/rollout-2026-10-07T18-38-02-<redacted>.jsonl,135071,873e197e9850c5fa1734c0fad0f72fa4a1e9aa000df59c08a8e5a55bd5d4d361,logs/20261007T223801482493Z-codex.archivist.CN04.r2-a1.jsonl.gz,11
20261007T223805242244Z-codex.both.CN04.r2-a1,codex-home/sessions/2026/10/07/rollout-2026-10-07T18-38-06-<redacted>.jsonl,68854,43e4523adb1388d7930916145b3015777948ff7b84214f9f967f81deabc2b567,logs/20261007T223805242244Z-codex.both.CN04.r2-a1.jsonl.gz,2
20261007T223815884081Z-codex.web.CN05.r2-a1,codex-home/sessions/2026/10/07/rollout-2026-10-07T18-38-16-<redacted>.jsonl,110574,2893e78bac04a07db15ef60fda8a89cb4faa1169180510849f51f62152c8acfc,logs/20261007T223815884081Z-codex.web.CN05.r2-a1.jsonl.gz,3
20261007T223831487758Z-codex.archivist.CN05.r2-a1,codex-home/sessions/2026/10/07/rollout-2026-10-07T18-38-32-<redacted>.jsonl,125651,1813459eec9ce3eaa3f00b6bf8ff2732f12ccd178ac21363fba2b0549a99b511,logs/20261007T223831487758Z-codex.archivist.CN05.r2-a1.jsonl.gz,5
20261007T223834451159Z-codex.both.CN05.r2-a1,codex-home/sessions/2026/10/07/rollout-2026-10-07T18-38-35-<redacted>.jsonl,126922,3308ec2810288331ee4dc68ade955d83a4aa798b4d10fdcd892fb035e9885383,logs/20261007T223834451159Z-codex.both.CN05.r2-a1.jsonl.gz,3
20261007T223852166084Z-codex.web.CN06.r2-a1,codex-home/sessions/2026/10/07/rollout-2026-10-07T18-38-52-<redacted>.jsonl,110310,8551cf4b7c0e73cbabd4e9f8539731591c99dd6dd215fb9aafefcded222833f1,logs/20261007T223852166084Z-codex.web.CN06.r2-a1.jsonl.gz,3
20261007T223854734902Z-codex.archivist.CN06.r2-a1,codex-home/sessions/2026/10/07/rollout-2026-10-07T18-38-56-<redacted>.jsonl,132492,a1bc008ba09f4aa97cf204ae00ae2656602d3d8bf2fe65f39de5170c9752081d,logs/20261007T223854734902Z-codex.archivist.CN06.r2-a1.jsonl.gz,8
20261007T223909006056Z-codex.both.CN06.r2-a1,codex-home/sessions/2026/10/07/rollout-2026-10-07T18-39-10-<redacted>.jsonl,147423,736caad6b37f3f8a05caf71e6538f4d04ba51921e72fdf2f9b0a50241fcfa41d,logs/20261007T223909006056Z-codex.both.CN06.r2-a1.jsonl.gz,9
20261007T223914542250Z-codex.web.CN07.r2-a1,codex-home/sessions/2026/10/07/rollout-2026-10-07T18-39-15-<redacted>.jsonl,83195,35a19ccb48a1f229c74ba0ca5a4baa616df263547f0ef9c6a285f0c5c3bc7954,logs/20261007T223914542250Z-codex.web.CN07.r2-a1.jsonl.gz,2
20261007T223924676748Z-codex.archivist.CN07.r2-a1,codex-home/sessions/2026/10/07/rollout-2026-10-07T18-39-25-<redacted>.jsonl,127679,c267ab53907af08e02b39a66fb9f173cc87624346f1cd7fd6131eea8f80990d8,logs/20261007T223924676748Z-codex.archivist.CN07.r2-a1.jsonl.gz,7
20261007T223927849233Z-codex.both.CN07.r2-a1,codex-home/sessions/2026/10/07/rollout-2026-10-07T18-39-29-<redacted>.jsonl,85639,25da3753afa595aa22090995bd96cddc5d1ddc453943f24d383fd07cf551ba62,logs/20261007T223927849233Z-codex.both.CN07.r2-a1.jsonl.gz,3
20261007T223944256973Z-codex.web.CN08.r2-a1,codex-home/sessions/2026/10/07/rollout-2026-10-07T18-39-45-<redacted>.jsonl,110832,6a7621e411dc1089ce343c5e0c6676dd0d01651970120aa875e61148b5079b53,logs/20261007T223944256973Z-codex.web.CN08.r2-a1.jsonl.gz,3
20261007T224002110533Z-codex.archivist.CN08.r2-a1,codex-home/sessions/2026/10/07/rollout-2026-10-07T18-40-03-<redacted>.jsonl,120361,db1c6d10b86cb8b5486e870382f39776799a1dceb0f6a79e2a79331cc9daad8b,logs/20261007T224002110533Z-codex.archivist.CN08.r2-a1.jsonl.gz,5
20261007T224005927758Z-codex.both.CN08.r2-a1,codex-home/sessions/2026/10/07/rollout-2026-10-07T18-40-06-<redacted>.jsonl,106628,8c603c280913b88338d06dff7446a68cdb886ba25d02e116779dd5243d4b5f64,logs/20261007T224005927758Z-codex.both.CN08.r2-a1.jsonl.gz,3
20261007T224021908303Z-codex.web.CN09.r2-a1,codex-home/sessions/2026/10/07/rollout-2026-10-07T18-40-22-<redacted>.jsonl,88899,74e72261284a054b14c88bdad0a8c44bdf888ae9d8cfbf647ec9fb9313439111,logs/20261007T224021908303Z-codex.web.CN09.r2-a1.jsonl.gz,2
20261007T224032297379Z-codex.archivist.CN09.r2-a1,codex-home/sessions/2026/10/07/rollout-2026-10-07T18-40-33-<redacted>.jsonl,122848,50489b46e475f3dffbaf77471cffc7625f62f1b77a8945d2c6620e3721c6e120,logs/20261007T224032297379Z-codex.archivist.CN09.r2-a1.jsonl.gz,8
20261007T224039475603Z-codex.both.CN09.r2-a1,codex-home/sessions/2026/10/07/rollout-2026-10-07T18-40-40-<redacted>.jsonl,88311,634269a0fbc3798d77d22ed6cd5527c7d65a7e61cdc0727f2fa8aedf20b57b40,logs/20261007T224039475603Z-codex.both.CN09.r2-a1.jsonl.gz,2
20261007T224049694812Z-codex.web.CN10.r2-a1,codex-home/sessions/2026/10/07/rollout-2026-10-07T18-40-50-<redacted>.jsonl,70244,6dc7cdbfccc3a51e4ce2f2d6cf81617103106034a99846489c421e8b6cbd2e9b,logs/20261007T224049694812Z-codex.web.CN10.r2-a1.jsonl.gz,2
20261007T224055548380Z-codex.archivist.CN10.r2-a1,codex-home/sessions/2026/10/07/rollout-2026-10-07T18-40-56-<redacted>.jsonl,101064,6e58407d025a34dc82660d1d20d89494de314efa836d13173934fbad0adf025a,logs/20261007T224055548380Z-codex.archivist.CN10.r2-a1.jsonl.gz,8
20261007T224100353539Z-codex.both.CN10.r2-a1,codex-home/sessions/2026/10/07/rollout-2026-10-07T18-41-01-<redacted>.jsonl,70010,a8410b26fecc5fc49a3607296591d321087f8ded97f51ea8bfc58c9a207db184,logs/20261007T224100353539Z-codex.both.CN10.r2-a1.jsonl.gz,2
20261007T224111424959Z-codex.web.CN11.r2-a1,codex-home/sessions/2026/10/07/rollout-2026-10-07T18-41-12-<redacted>.jsonl,84314,8e5c8bda15f0576225463897ad109b31f7a81d53e6f431d6b15e6beacbf2b32d,logs/20261007T224111424959Z-codex.web.CN11.r2-a1.jsonl.gz,2
20261007T224119410116Z-codex.archivist.CN11.r2-a1,codex-home/sessions/2026/10/07/rollout-2026-10-07T18-41-20-<redacted>.jsonl,113378,88c3039a401aa5ed8511e9194abc2d63f2a7f11061f1c7ff00020aec47a82c16,logs/20261007T224119410116Z-codex.archivist.CN11.r2-a1.jsonl.gz,8
20261007T224119912966Z-codex.both.CN11.r2-a1,codex-home/sessions/2026/10/07/rollout-2026-10-07T18-41-20-<redacted>.jsonl,86796,1054e069f351060aa31bd3c62e0e88dc2fc84ae9fb9ff04ea15efd7bac64cc7b,logs/20261007T224119912966Z-codex.both.CN11.r2-a1.jsonl.gz,2
20261007T224129821347Z-codex.web.CN12.r2-a1,codex-home/sessions/2026/10/07/rollout-2026-10-07T18-41-30-<redacted>.jsonl,90220,e45c44c08e4fd434f37a23477035a4de2176116ec3fa42547246a303da78050d,logs/20261007T224129821347Z-codex.web.CN12.r2-a1.jsonl.gz,2
20261007T224135499535Z-codex.archivist.CN12.r2-a1,codex-home/sessions/2026/10/07/rollout-2026-10-07T18-41-36-<redacted>.jsonl,130292,02b806afd01ad9cb40522dd9710bad7302bd9dd8531a92beb2c5d04c261edf38,logs/20261007T224135499535Z-codex.archivist.CN12.r2-a1.jsonl.gz,8
20261007T224142768900Z-codex.both.CN12.r2-a1,codex-home/sessions/2026/10/07/rollout-2026-10-07T18-41-43-<redacted>.jsonl,95771,d7f6df0ef98b71db55320786f9b8d2d2e7bfac866d93d8751f545252edb24c5f,logs/20261007T224142768900Z-codex.both.CN12.r2-a1.jsonl.gz,2
20261007T224155713001Z-codex.web.CN13.r2-a1,codex-home/sessions/2026/10/07/rollout-2026-10-07T18-41-56-<redacted>.jsonl,89550,eb7cf051117ffdc978493177d3aebdc2788f92de8ad77938f4552ac2153e9720,logs/20261007T224155713001Z-codex.web.CN13.r2-a1.jsonl.gz,2
20261007T224158430615Z-codex.archivist.CN13.r2-a1,codex-home/sessions/2026/10/07/rollout-2026-10-07T18-41-59-<redacted>.jsonl,139081,0c0355ceba50d47669db9a984c8183447372f31833ea8c65a139140a2215c293,logs/20261007T224158430615Z-codex.archivist.CN13.r2-a1.jsonl.gz,8
20261007T224205075445Z-codex.both.CN13.r2-a1,codex-home/sessions/2026/10/07/rollout-2026-10-07T18-42-06-<redacted>.jsonl,142499,ab4f1fcf98bb4bdb956eb141fdc43b449cfaa0f3f7ecfcea876fb03ca7ee71ea,logs/20261007T224205075445Z-codex.both.CN13.r2-a1.jsonl.gz,9
20261007T224223012212Z-codex.web.CN14.r2-a1,codex-home/sessions/2026/10/07/rollout-2026-10-07T18-42-24-<redacted>.jsonl,81549,e955de79bd1dac0dc3c744976ead803bbbbe55875171eaedcbffa6cb9e967f42,logs/20261007T224223012212Z-codex.web.CN14.r2-a1.jsonl.gz,2
20261007T224224265533Z-codex.archivist.CN14.r2-a1,codex-home/sessions/2026/10/07/rollout-2026-10-07T18-42-25-<redacted>.jsonl,185338,50038c3e549feb96668258474a0324689e7f952bc9a9e042a047065ef0336794,logs/20261007T224224265533Z-codex.archivist.CN14.r2-a1.jsonl.gz,17
20261007T224233185167Z-codex.both.CN14.r2-a1,codex-home/sessions/2026/10/07/rollout-2026-10-07T18-42-34-<redacted>.jsonl,89572,ef74f13a8b9132dd9308de327b1f3c0d70983bc293ae8dfcd9a964988de489a6,logs/20261007T224233185167Z-codex.both.CN14.r2-a1.jsonl.gz,3
20261007T224244460873Z-codex.web.CN15.r2-a1,codex-home/sessions/2026/10/07/rollout-2026-10-07T18-42-45-<redacted>.jsonl,84519,f176b1a2b4d0e525f79aea41c61145e529f8dbd4d795ae700b9490f7ca78c127,logs/20261007T224244460873Z-codex.web.CN15.r2-a1.jsonl.gz,3
20261007T224245125307Z-codex.archivist.CN15.r2-a1,codex-home/sessions/2026/10/07/rollout-2026-10-07T18-42-46-<redacted>.jsonl,103044,d5a58c619f172cf7e7b4ac158cb15275a22f22ab60be6be8d96d1079548efca0,logs/20261007T224245125307Z-codex.archivist.CN15.r2-a1.jsonl.gz,4
20261007T224256556953Z-codex.both.CN15.r2-a1,codex-home/sessions/2026/10/07/rollout-2026-10-07T18-42-57-<redacted>.jsonl,84037,fb901f4427c748ed395eb90f4a74b6425619be83ec0ae9fdb2509c657e86f19a,logs/20261007T224256556953Z-codex.both.CN15.r2-a1.jsonl.gz,3
20261007T224305956460Z-codex.web.CN16.r2-a1,codex-home/sessions/2026/10/07/rollout-2026-10-07T18-43-06-<redacted>.jsonl,110659,02aab91a645e3b7b267c2b6ea8766882bec6b45c26ec73e81127fee6f5d66435,logs/20261007T224305956460Z-codex.web.CN16.r2-a1.jsonl.gz,3
20261007T224311315322Z-codex.archivist.CN16.r2-a1,codex-home/sessions/2026/10/07/rollout-2026-10-07T18-43-12-<redacted>.jsonl,122346,78ca153f65b3738eb96eeb96e34a3c27ed891be5de23c85b6d10b994d909736e,logs/20261007T224311315322Z-codex.archivist.CN16.r2-a1.jsonl.gz,8
20261007T224318779503Z-codex.both.CN16.r2-a1,codex-home/sessions/2026/10/07/rollout-2026-10-07T18-43-19-<redacted>.jsonl,123617,4e7b3f6ca7898e9ac75f4fc01af215045d8e014e7b548446d3a50a5adada473b,logs/20261007T224318779503Z-codex.both.CN16.r2-a1.jsonl.gz,9
20261007T224327945518Z-codex.web.CN17.r2-a1,codex-home/sessions/2026/10/07/rollout-2026-10-07T18-43-28-<redacted>.jsonl,113980,63cbd2ac75b5f4c78282850785f3076e35ef9703b644f4766d618ea58514475a,logs/20261007T224327945518Z-codex.web.CN17.r2-a1.jsonl.gz,4
20261007T224338475525Z-codex.archivist.CN17.r2-a1,codex-home/sessions/2026/10/07/rollout-2026-10-07T18-43-39-<redacted>.jsonl,233205,919db6adf1d3f6b79d12268d7bec84a9a9662584a316a76ed9c45b04f15ba4f6,logs/20261007T224338475525Z-codex.archivist.CN17.r2-a1.jsonl.gz,26
20261007T224345226193Z-codex.both.CN17.r2-a1,codex-home/sessions/2026/10/07/rollout-2026-10-07T18-43-46-<redacted>.jsonl,113315,e741f544e9aa958b5121e9c2976fb8a5c078079a81757ee6305870334e280d5e,logs/20261007T224345226193Z-codex.both.CN17.r2-a1.jsonl.gz,4
20261007T224404520106Z-codex.web.CN01.r3-a1,codex-home/sessions/2026/10/07/rollout-2026-10-07T18-44-05-<redacted>.jsonl,86121,69d4751a34f6368c1629e414f4ba59e7604766a5e4501aa933dc950322f34aef,logs/20261007T224404520106Z-codex.web.CN01.r3-a1.jsonl.gz,2
20261007T224414119294Z-codex.archivist.CN01.r3-a1,codex-home/sessions/2026/10/07/rollout-2026-10-07T18-44-15-<redacted>.jsonl,125563,06e1c64902451068be8e497eee77ec3797cad0e328503204b2fe7408b67fc0bd,logs/20261007T224414119294Z-codex.archivist.CN01.r3-a1.jsonl.gz,10
20261007T224415118138Z-codex.both.CN01.r3-a1,codex-home/sessions/2026/10/07/rollout-2026-10-07T18-44-16-<redacted>.jsonl,85047,58abb2315dcdb13421c4774251268bd6e2e651ee96b1e4f9c2d8e0b5b6e8df13,logs/20261007T224415118138Z-codex.both.CN01.r3-a1.jsonl.gz,2
20261007T224425631277Z-codex.web.CN02.r3-a1,codex-home/sessions/2026/10/07/rollout-2026-10-07T18-44-26-<redacted>.jsonl,87369,92a0c51f1c53f11f454c81badba3b7b980bf719d7c817caa241882216923ad0a,logs/20261007T224425631277Z-codex.web.CN02.r3-a1.jsonl.gz,3
20261007T224433432811Z-codex.archivist.CN02.r3-a1,codex-home/sessions/2026/10/07/rollout-2026-10-07T18-44-34-<redacted>.jsonl,130115,0690649bd0d5c8244d71d632cb274dc32231ea6e3f9af072f1057626ba348bef,logs/20261007T224433432811Z-codex.archivist.CN02.r3-a1.jsonl.gz,11
20261007T224438417299Z-codex.both.CN02.r3-a1,codex-home/sessions/2026/10/07/rollout-2026-10-07T18-44-39-<redacted>.jsonl,66672,fba6ff22fb0054d7ee877bee71ffa92bdc56c80e8d984126da3daf5367fe63da,logs/20261007T224438417299Z-codex.both.CN02.r3-a1.jsonl.gz,2
20261007T224447249344Z-codex.web.CN03.r3-a1,codex-home/sessions/2026/10/07/rollout-2026-10-07T18-44-48-<redacted>.jsonl,91890,875776f87c008099b57e14e6d329fafe07c0f630a5a3ca84611d7943eb14c9e8,logs/20261007T224447249344Z-codex.web.CN03.r3-a1.jsonl.gz,2
20261007T224454616309Z-codex.archivist.CN03.r3-a1,codex-home/sessions/2026/10/07/rollout-2026-10-07T18-44-55-<redacted>.jsonl,129515,eca443dc655a6e0278d200c98b5d88a9f628d2bbe04dca67e6dbcdd1ad35b254,logs/20261007T224454616309Z-codex.archivist.CN03.r3-a1.jsonl.gz,8
20261007T224458294220Z-codex.both.CN03.r3-a1,codex-home/sessions/2026/10/07/rollout-2026-10-07T18-44-59-<redacted>.jsonl,91778,5a3222b3f2718844e7c125aec5f24457132fd647868eb56801027815c084bc33,logs/20261007T224458294220Z-codex.both.CN03.r3-a1.jsonl.gz,2
20261007T224509793654Z-codex.web.CN04.r3-a1,codex-home/sessions/2026/10/07/rollout-2026-10-07T18-45-11-<redacted>.jsonl,67765,4295cf5f598edc6bf51d0d02cecf5ddb0cb01b1b100f82825de6ce0e54ec5a7d,logs/20261007T224509793654Z-codex.web.CN04.r3-a1.jsonl.gz,2
20261007T224516503145Z-codex.archivist.CN04.r3-a1,codex-home/sessions/2026/10/07/rollout-2026-10-07T18-45-17-<redacted>.jsonl,105243,44a899f39de148f847fe344dd86fbf00944e4dba4ab3ae832bcd81fe56f7edd3,logs/20261007T224516503145Z-codex.archivist.CN04.r3-a1.jsonl.gz,7
20261007T224520481177Z-codex.both.CN04.r3-a1,codex-home/sessions/2026/10/07/rollout-2026-10-07T18-45-21-<redacted>.jsonl,88908,46c2e04dc157319ca6a37be44091b0acee46844f86eac61495a7bf8c9849f8f3,logs/20261007T224520481177Z-codex.both.CN04.r3-a1.jsonl.gz,3
20261007T224536720815Z-codex.web.CN05.r3-a1,codex-home/sessions/2026/10/07/rollout-2026-10-07T18-45-37-<redacted>.jsonl,127807,1adb95d6002ca4a0b9756fa08a229fc81cf9a8d247fa32c78383cc96c6ee94cd,logs/20261007T224536720815Z-codex.web.CN05.r3-a1.jsonl.gz,3
20261007T224538707454Z-codex.archivist.CN05.r3-a1,codex-home/sessions/2026/10/07/rollout-2026-10-07T18-45-39-<redacted>.jsonl,126500,8507083d863bb9ba945889a7471cef69814494e4838111987d2c41edbfee2b84,logs/20261007T224538707454Z-codex.archivist.CN05.r3-a1.jsonl.gz,5
20261007T224551993323Z-codex.both.CN05.r3-a1,codex-home/sessions/2026/10/07/rollout-2026-10-07T18-45-53-<redacted>.jsonl,125932,a5fa8c78fec278e8685b2e3925724c20f6fce867c1909525d735cd54a48a4ffb,logs/20261007T224551993323Z-codex.both.CN05.r3-a1.jsonl.gz,3
20261007T224600927191Z-codex.web.CN06.r3-a1,codex-home/sessions/2026/10/07/rollout-2026-10-07T18-46-01-<redacted>.jsonl,124274,c8e3e2c5d9ff97fcbb75f7e895449cb8a8b04d401b958ccab31ca7765c25b202,logs/20261007T224600927191Z-codex.web.CN06.r3-a1.jsonl.gz,3
20261007T224609127013Z-codex.archivist.CN06.r3-a1,codex-home/sessions/2026/10/07/rollout-2026-10-07T18-46-10-<redacted>.jsonl,129337,0f90d639e7dab8d1987cae2fb0c41e26cc31b1a8ffefcab340921951ddcdf2f4,logs/20261007T224609127013Z-codex.archivist.CN06.r3-a1.jsonl.gz,7
20261007T224615883032Z-codex.both.CN06.r3-a1,codex-home/sessions/2026/10/07/rollout-2026-10-07T18-46-16-<redacted>.jsonl,113030,18d908fcda205f56a9465eeb00f34b056e77876e444d6ca630741d6dbf9638bc,logs/20261007T224615883032Z-codex.both.CN06.r3-a1.jsonl.gz,3
20261007T224629127057Z-codex.web.CN07.r3-a1,codex-home/sessions/2026/10/07/rollout-2026-10-07T18-46-29-<redacted>.jsonl,87503,e0b9ad88eb531b7ed4fe9543bcecf8319bfe92cae3260a200b421e28072526b2,logs/20261007T224629127057Z-codex.web.CN07.r3-a1.jsonl.gz,3
20261007T224633011495Z-codex.archivist.CN07.r3-a1,codex-home/sessions/2026/10/07/rollout-2026-10-07T18-46-33-<redacted>.jsonl,103988,60a4755ccbc7dce8f88c3a438c8b0d58525a17349b4358b1319fe04ed166dbad,logs/20261007T224633011495Z-codex.archivist.CN07.r3-a1.jsonl.gz,8
20261007T224642826727Z-codex.both.CN07.r3-a1,codex-home/sessions/2026/10/07/rollout-2026-10-07T18-46-44-<redacted>.jsonl,102051,3ed9f531b07e19ed063e3bb29e8ccf36641435ea8966bd96d3eac81982cd49a0,logs/20261007T224642826727Z-codex.both.CN07.r3-a1.jsonl.gz,4
20261007T224652652694Z-codex.web.CN08.r3-a1,codex-home/sessions/2026/10/07/rollout-2026-10-07T18-46-53-<redacted>.jsonl,91507,12cd080a3c9c8e04367ff2f48c8c55bbc982bf4b220390ff94d9b0f1163f8389,logs/20261007T224652652694Z-codex.web.CN08.r3-a1.jsonl.gz,2
20261007T224658646664Z-codex.archivist.CN08.r3-a1,codex-home/sessions/2026/10/07/rollout-2026-10-07T18-46-59-<redacted>.jsonl,133923,997f347f90d2b4b5a71b2eaccb0ac909bb5acf673b99c3acfec811e394bde727,logs/20261007T224658646664Z-codex.archivist.CN08.r3-a1.jsonl.gz,8
20261007T224704224294Z-codex.both.CN08.r3-a1,codex-home/sessions/2026/10/07/rollout-2026-10-07T18-47-05-<redacted>.jsonl,95543,cda67c9396a33298a356c8e5843feca3354a6c3f05b70334e7a143960941c6e9,logs/20261007T224704224294Z-codex.both.CN08.r3-a1.jsonl.gz,3
20261007T224722079335Z-codex.web.CN09.r3-a1,codex-home/sessions/2026/10/07/rollout-2026-10-07T18-47-22-<redacted>.jsonl,68954,28df77989c98b1af99ba24fbc4e12233975a674d2b4b584285c7e20dc8f13108,logs/20261007T224722079335Z-codex.web.CN09.r3-a1.jsonl.gz,2
20261007T224722146990Z-codex.archivist.CN09.r3-a1,codex-home/sessions/2026/10/07/rollout-2026-10-07T18-47-23-<redacted>.jsonl,130513,16a5e7f873405071ac80e90c74b2f9f85ed624a1b2c37235a54b9c162bd7d49e,logs/20261007T224722146990Z-codex.archivist.CN09.r3-a1.jsonl.gz,8
20261007T224732737076Z-codex.both.CN09.r3-a1,codex-home/sessions/2026/10/07/rollout-2026-10-07T18-47-34-<redacted>.jsonl,93350,12bdf00e69a910d47708283300af43c6d51e78b8cf0c8278f5546049cce8fcb3,logs/20261007T224732737076Z-codex.both.CN09.r3-a1.jsonl.gz,2
20261007T224739250786Z-codex.web.CN10.r3-a1,codex-home/sessions/2026/10/07/rollout-2026-10-07T18-47-40-<redacted>.jsonl,89313,a701bf451ea2f6cb6b34a3f122ac7994b70ba7729aae173c94f0c319030a1cd7,logs/20261007T224739250786Z-codex.web.CN10.r3-a1.jsonl.gz,3
20261007T224745311997Z-codex.archivist.CN10.r3-a1,codex-home/sessions/2026/10/07/rollout-2026-10-07T18-47-46-<redacted>.jsonl,101150,49ac1754cfe14c9d156a75a13f431bc1c276d0992526c05fa5406093943eaa3a,logs/20261007T224745311997Z-codex.archivist.CN10.r3-a1.jsonl.gz,8
20261007T224753339115Z-codex.both.CN10.r3-a1,codex-home/sessions/2026/10/07/rollout-2026-10-07T18-47-54-<redacted>.jsonl,69757,5cfca5b88cbfa5d5721fb3bc9c5f4ad5b339de887b3adaa67725985abbd2a3e7,logs/20261007T224753339115Z-codex.both.CN10.r3-a1.jsonl.gz,2
20261007T224802707494Z-codex.web.CN11.r3-a1,codex-home/sessions/2026/10/07/rollout-2026-10-07T18-48-03-<redacted>.jsonl,78440,0e2ddcc943046ed01cc70d2182b0ad12b17cfa2c2087bc653482fded72fea1c3,logs/20261007T224802707494Z-codex.web.CN11.r3-a1.jsonl.gz,2
20261007T224805917005Z-codex.archivist.CN11.r3-a1,codex-home/sessions/2026/10/07/rollout-2026-10-07T18-48-07-<redacted>.jsonl,121795,3fbd9fc32f6c4990a34edacd61085f294e4f902c60204d9c3303130ff014b43f,logs/20261007T224805917005Z-codex.archivist.CN11.r3-a1.jsonl.gz,7
20261007T224813535187Z-codex.both.CN11.r3-a1,codex-home/sessions/2026/10/07/rollout-2026-10-07T18-48-14-<redacted>.jsonl,83492,026c3943013e95d33836dc3a6ca2415de3df0e8eaf201c49a5132b4a987af5d7,logs/20261007T224813535187Z-codex.both.CN11.r3-a1.jsonl.gz,2
20261007T224822972921Z-codex.web.CN12.r3-a1,codex-home/sessions/2026/10/07/rollout-2026-10-07T18-48-23-<redacted>.jsonl,92866,b1fb678b3e3d7827012848a9d8b47f2e68149ad36fc3e17c11498f36dccc493b,logs/20261007T224822972921Z-codex.web.CN12.r3-a1.jsonl.gz,2
20261007T224830508431Z-codex.archivist.CN12.r3-a1,codex-home/sessions/2026/10/07/rollout-2026-10-07T18-48-32-<redacted>.jsonl,165578,82fef124d9a73b2da76808a81d38b34dfe4dd6924428c9a27f267f4264379680,logs/20261007T224830508431Z-codex.archivist.CN12.r3-a1.jsonl.gz,10
20261007T224836510048Z-codex.both.CN12.r3-a1,codex-home/sessions/2026/10/07/rollout-2026-10-07T18-48-37-<redacted>.jsonl,90194,cf13a7c20fbe383efe0a313e0ac3ac5a854aade7e827d97ce4dd3044d48f5057,logs/20261007T224836510048Z-codex.both.CN12.r3-a1.jsonl.gz,2
20261007T224849793003Z-codex.web.CN13.r3-a1,codex-home/sessions/2026/10/07/rollout-2026-10-07T18-48-50-<redacted>.jsonl,109740,c786fb40125a55cc60379fd546bef0a7839e5e9b711fffc3f1a600657d9e26cb,logs/20261007T224849793003Z-codex.web.CN13.r3-a1.jsonl.gz,3
20261007T224900157410Z-codex.archivist.CN13.r3-a1,codex-home/sessions/2026/10/07/rollout-2026-10-07T18-49-01-<redacted>.jsonl,117681,21255628767edb7b78caa83759cb413b6f99068e7ad50f2297af2a7a075a262f,logs/20261007T224900157410Z-codex.archivist.CN13.r3-a1.jsonl.gz,7
20261007T224902216068Z-codex.both.CN13.r3-a1,codex-home/sessions/2026/10/07/rollout-2026-10-07T18-49-03-<redacted>.jsonl,118373,06f50f2d7109194977c6579fed61617d15d400a7ba666c2f3e5fd279d13676fb,logs/20261007T224902216068Z-codex.both.CN13.r3-a1.jsonl.gz,3
20261007T224917248048Z-codex.web.CN14.r3-a1,codex-home/sessions/2026/10/07/rollout-2026-10-07T18-49-18-<redacted>.jsonl,81565,89a3ba080be653d5927179ce73fbbb89f266aef38a4d1984e9b8696ecede2df5,logs/20261007T224917248048Z-codex.web.CN14.r3-a1.jsonl.gz,2
20261007T224922061023Z-codex.archivist.CN14.r3-a1,codex-home/sessions/2026/10/07/rollout-2026-10-07T18-49-23-<redacted>.jsonl,154049,e4f49bc7c826e5834558c7cf4baca66c5fcee20deb266acf5138d3ac1856215d,logs/20261007T224922061023Z-codex.archivist.CN14.r3-a1.jsonl.gz,10
20261007T224928590446Z-codex.both.CN14.r3-a1,codex-home/sessions/2026/10/07/rollout-2026-10-07T18-49-29-<redacted>.jsonl,108962,0e48d7c30f93af23c954eea8c1fb9b49651c5caf852146eb1799b458fcd1996b,logs/20261007T224928590446Z-codex.both.CN14.r3-a1.jsonl.gz,3
20261007T224943462424Z-codex.web.CN15.r3-a1,codex-home/sessions/2026/10/07/rollout-2026-10-07T18-49-44-<redacted>.jsonl,84286,41e0b7a6896d8c3dd12df51ff181b27e4899162dbeb9965f4e539f1d6a156d64,logs/20261007T224943462424Z-codex.web.CN15.r3-a1.jsonl.gz,2
20261007T224948252465Z-codex.archivist.CN15.r3-a1,codex-home/sessions/2026/10/07/rollout-2026-10-07T18-49-49-<redacted>.jsonl,106701,e38ef23d4486a2908c04cf78db75843f2698da0e2cbebc5ab9f87319688cff72,logs/20261007T224948252465Z-codex.archivist.CN15.r3-a1.jsonl.gz,5
20261007T224954319804Z-codex.both.CN15.r3-a1,codex-home/sessions/2026/10/07/rollout-2026-10-07T18-49-55-<redacted>.jsonl,80043,49d317c29200a7dfb713aaa0860a4bef9aad2b87207a0ac8d787fae64a1d92d9,logs/20261007T224954319804Z-codex.both.CN15.r3-a1.jsonl.gz,2
20261007T225005771953Z-codex.web.CN16.r3-a1,codex-home/sessions/2026/10/07/rollout-2026-10-07T18-50-06-<redacted>.jsonl,106628,43beb640df57b0a3d95fbd1956aa519fd6bbf37800d8dd036701c76f9cc687e9,logs/20261007T225005771953Z-codex.web.CN16.r3-a1.jsonl.gz,3
20261007T225018143479Z-codex.archivist.CN16.r3-a1,codex-home/sessions/2026/10/07/rollout-2026-10-07T18-50-19-<redacted>.jsonl,118722,26b384b18c1f00e576977cd216fbd333f04766a91a2ff5b8b8458ecc0e6e8b34,logs/20261007T225018143479Z-codex.archivist.CN16.r3-a1.jsonl.gz,7
20261007T225023578801Z-codex.both.CN16.r3-a1,codex-home/sessions/2026/10/07/rollout-2026-10-07T18-50-24-<redacted>.jsonl,122101,9387cb829ee4f876b95fc813b0fca4c213ad901624b288d689cc07438768b084,logs/20261007T225023578801Z-codex.both.CN16.r3-a1.jsonl.gz,3
20261007T225041123316Z-codex.web.CN17.r3-a1,codex-home/sessions/2026/10/07/rollout-2026-10-07T18-50-42-<redacted>.jsonl,113402,defd769e17ea3b60be31b72053cfc5ecafdaa9ffe2f465abe6cdda52a96ecae4,logs/20261007T225041123316Z-codex.web.CN17.r3-a1.jsonl.gz,4
20261007T225042240398Z-codex.archivist.CN17.r3-a1,codex-home/sessions/2026/10/07/rollout-2026-10-07T18-50-43-<redacted>.jsonl,173632,6dd6deac38587f81a202e0d70d65d537f0c3a0002baa732b6dc8b6908bbe7a32,logs/20261007T225042240398Z-codex.archivist.CN17.r3-a1.jsonl.gz,14
20261007T225100740960Z-codex.both.CN17.r3-a1,codex-home/sessions/2026/10/07/rollout-2026-10-07T18-51-02-<redacted>.jsonl,102840,8727de7ebb928a4927621a53e96e157870fc90487b3a968d7479bb71a5fcf734,logs/20261007T225100740960Z-codex.both.CN17.r3-a1.jsonl.gz,4
