selection,run_id,agent,arm,stratum,question_id,fact_id,judge_verdict,judge_verdict_source,precheck_verdict,key_check,reason,agree,status
sample,20261007T223034961821Z-codex.both.CN04.r1-a1,codex,both,contamination,CN04,CN04.f1,correct,stored_judge,correct,supported,"The filing states that CN reported diluted EPS of C$1.92 for the second quarter ended June 30, 2022, up 32%. The answer gives the same reported EPS, period, and currency.",true,ok
sample,20261007T223418767562Z-codex.both.CN12.r1-a1,codex,both,contamination,CN12,CN12.f1,correct,key_rejudge,correct,supported,"The filing’s “Ortalama Çalışan Sayısı” table gives 10.624 average employees for 2025. The answer states the same total, 10,624 employees, for the same company and year.",true,ok
sample,20261007T223700773942Z-codex.archivist.CN01.r2-a1,codex,archivist,contamination,CN01,CN01.f2,correct,stored_judge,correct,supported,"The filing’s Third Quarter 2025 results state “Total revenue (GAAP) of $12.2B, +24%.” The answer correctly states 24% year-over-year growth in GE Aerospace’s GAAP total revenue for Q3 2025.",true,ok
sample,20261007T223701191303Z-codex.both.CN01.r2-a1,codex,both,contamination,CN01,CN01.f2,correct,stored_judge,correct,supported,"The filing’s Third Quarter 2025 highlights state “Total revenue (GAAP) of $12.2B, +24%.” The answer correctly states that GE Aerospace’s Q3 2025 reported revenue grew 24% year over year.",true,ok
sample,20261007T223722559036Z-codex.both.CN02.r2-a1,codex,both,contamination,CN02,CN02.f1,correct,stored_judge,correct,supported,"The filing table reports cash and cash equivalents of $16,398 million at December 31, 2023. The answer’s $16.398 billion is the equivalent amount for the same date.",true,ok
sample,20261007T224032297379Z-codex.archivist.CN09.r2-a1,codex,archivist,contamination,CN09,CN09.f1,correct,stored_judge,correct,supported,"The filing’s Operating Income section states $527.2 million for the three months ended June 30, 2024. The answer gives the same amount and period for Monster Beverage’s Q2 2024.",true,ok
sample,20261007T224055548380Z-codex.archivist.CN10.r2-a1,codex,archivist,contamination,CN10,CN10.f1,correct,stored_judge,correct,supported,"The filing passage states that AutoZone operated 6,627 stores in the U.S. at August 30, 2025. The answer gives the same count, country, and date.",true,ok
sample,20261007T224135499535Z-codex.archivist.CN12.r2-a1,codex,archivist,contamination,CN12,CN12.f1,correct,key_rejudge,correct,supported,"The filing’s “Ortalama Çalışan Sayısı” table lists 10.624 average employees for 2025. The answer states the same total as 10,624 employees in 2025.",true,ok
sample,20261007T224142768900Z-codex.both.CN12.r2-a1,codex,both,contamination,CN12,CN12.f1,correct,key_rejudge,correct,supported,"The filing’s “Ortalama Çalışan Sayısı” table gives 10.624 average employees for 2025. The answer states the equivalent value of 10,624 employees for Coca-Cola İçecek in 2025.",true,ok
sample,20261007T224244460873Z-codex.web.CN15.r2-a1,codex,web,contamination,CN15,CN15.f1,correct,stored_judge,correct,supported,"RBC’s Third Quarter 2025 filing states, “Our Tier 1 capital ratio of 14.8%.” The answer gives the same 14.8% ratio for July 31, 2025.",true,ok
sample,20261007T224425631277Z-codex.web.CN02.r3-a1,codex,web,contamination,CN02,CN02.f1,correct,stored_judge,correct,supported,"The filing table lists cash and cash equivalents of $16,398 million at December 31, 2023. The answer’s $16.398 billion is equivalent and uses the same date and entity.",true,ok
sample,20261007T224600927191Z-codex.web.CN06.r3-a1,codex,web,contamination,CN06,CN06.f2,correct,stored_judge,correct,supported,"The filing’s Executive Summary states that second-quarter net sales were $3.3 billion for the quarter ended August 1, 2026. The answer’s $3.318 billion equals the accepted 3,318 million and rounds to $3.3 billion.",true,ok
sample,20261007T224739250786Z-codex.web.CN10.r3-a1,codex,web,contamination,CN10,CN10.f3,correct,stored_judge,correct,supported,"The filing passage states that AutoZone operated 147 stores in Brazil at August 30, 2025. The answer reports the same count, country, and date.",true,ok
sample,20261007T224753339115Z-codex.both.CN10.r3-a1,codex,both,contamination,CN10,CN10.f3,correct,stored_judge,correct,supported,"The Item 7 filing passage states that AutoZone operated 147 stores in Brazil at August 30, 2025. The answer gives the same Brazil store count and date.",true,ok
sample,20261007T224802707494Z-codex.web.CN11.r3-a1,codex,web,contamination,CN11,CN11.f1,correct,stored_judge,correct,supported,"The filing passage states that Chipotle owned 3,938 restaurants throughout the United States as of December 31, 2025. The answer gives the same count, ownership, location, and date.",true,ok
