source,judge_pass,agent,stratum,arm,baseline,metric,estimate,ci_low,ci_high,n_questions,resamples,seed,dropped_questions
main,,codex,all_scored,archivist,web,token_ratio_baseline_over_arm,0.5196,0.4512,0.5916,17,10000,8105,
main,,codex,all_scored,archivist,web,accuracy_diff_arm_minus_baseline,0,0,0,17,10000,8105,
main,,codex,all_scored,archivist,web,completion_diff_arm_minus_baseline,0,0,0,17,10000,8105,
main,,codex,all_scored,both,web,token_ratio_baseline_over_arm,0.8355,0.7506,0.9267,17,10000,8105,
main,,codex,all_scored,both,web,accuracy_diff_arm_minus_baseline,0,0,0,17,10000,8105,
main,,codex,all_scored,both,web,completion_diff_arm_minus_baseline,0,0,0,17,10000,8105,
main,,codex,all_scored,both,archivist,token_ratio_baseline_over_arm,1.6081,1.3746,1.8933,17,10000,8105,
main,,codex,all_scored,both,archivist,accuracy_diff_arm_minus_baseline,0,0,0,17,10000,8105,
main,,codex,all_scored,both,archivist,completion_diff_arm_minus_baseline,0,0,0,17,10000,8105,
main,,codex,contamination,archivist,web,token_ratio_baseline_over_arm,0.5196,0.4512,0.5916,17,10000,8105,
main,,codex,contamination,archivist,web,accuracy_diff_arm_minus_baseline,0,0,0,17,10000,8105,
main,,codex,contamination,archivist,web,completion_diff_arm_minus_baseline,0,0,0,17,10000,8105,
main,,codex,contamination,both,web,token_ratio_baseline_over_arm,0.8355,0.7506,0.9267,17,10000,8105,
main,,codex,contamination,both,web,accuracy_diff_arm_minus_baseline,0,0,0,17,10000,8105,
main,,codex,contamination,both,web,completion_diff_arm_minus_baseline,0,0,0,17,10000,8105,
main,,codex,contamination,both,archivist,token_ratio_baseline_over_arm,1.6081,1.3746,1.8933,17,10000,8105,
main,,codex,contamination,both,archivist,accuracy_diff_arm_minus_baseline,0,0,0,17,10000,8105,
main,,codex,contamination,both,archivist,completion_diff_arm_minus_baseline,0,0,0,17,10000,8105,
tokens_with_partial_usage,,codex,all_scored,archivist,web,token_ratio_baseline_over_arm,0.5196,0.4512,0.5916,17,10000,8105,
tokens_with_partial_usage,,codex,all_scored,both,web,token_ratio_baseline_over_arm,0.8355,0.7506,0.9267,17,10000,8105,
tokens_with_partial_usage,,codex,all_scored,both,archivist,token_ratio_baseline_over_arm,1.6081,1.3746,1.8933,17,10000,8105,
tokens_with_partial_usage,,codex,contamination,archivist,web,token_ratio_baseline_over_arm,0.5196,0.4512,0.5916,17,10000,8105,
tokens_with_partial_usage,,codex,contamination,both,web,token_ratio_baseline_over_arm,0.8355,0.7506,0.9267,17,10000,8105,
tokens_with_partial_usage,,codex,contamination,both,archivist,token_ratio_baseline_over_arm,1.6081,1.3746,1.8933,17,10000,8105,
