selection,run_id,agent,arm,stratum,question_id,question,fact_id,fact_kind,statement,expected_value,unit,accepted,permalink,exchange_document_id,document_id_absent_reason,absence,formula,quote,judge_verdict,primary_judge,judge_A_verdict,judge_B_verdict,answer_file,audit_verdict,audit_note,correction_source
key_correction,20261007T223406784773Z-codex.web.CN12.r1-a1,codex,web,contamination,CN12,What was Coca Cola İçecek's (BIST: CCOLA) average number of employees in 2025?,CN12.f1,sourced,"Coca Cola İçecek's average employee count for 2025 was 10,624 (the filing gives the blue collar and white collar split in opposite orders in two tables, so the split is not part of this fact)","10,624",employees,10.624; 10624,https://mosaic-finance.com/filings/2c64505d-5bd5-4195-93e5-057a1b513974/p/80e4c6bf-2c97-44d7-9240-131f5a9520e5/k1.eOcVBW0KF4WjoaSMUP-6zizEtss7iG0Xwdi_NgCMAPU/,1565282,,,,|Ortalama Çalışan Sayısı|10.624|10.365|,correct,B,,correct,,correct,"amendment 5 key correction (pre registration section 16.2): CN12.f1 statement replaced; pass B re-judged on the corrected key, stored verdict correct",key_correction
key_correction,20261007T223412380714Z-codex.archivist.CN12.r1-a1,codex,archivist,contamination,CN12,What was Coca Cola İçecek's (BIST: CCOLA) average number of employees in 2025?,CN12.f1,sourced,"Coca Cola İçecek's average employee count for 2025 was 10,624 (the filing gives the blue collar and white collar split in opposite orders in two tables, so the split is not part of this fact)","10,624",employees,10.624; 10624,https://mosaic-finance.com/filings/2c64505d-5bd5-4195-93e5-057a1b513974/p/80e4c6bf-2c97-44d7-9240-131f5a9520e5/k1.eOcVBW0KF4WjoaSMUP-6zizEtss7iG0Xwdi_NgCMAPU/,1565282,,,,|Ortalama Çalışan Sayısı|10.624|10.365|,incorrect,B,,incorrect,,correct,"amendment 5 key correction (pre registration section 16.2): CN12.f1 statement replaced; pass B re-judged on the corrected key, stored verdict incorrect",key_correction
key_correction,20261007T223418767562Z-codex.both.CN12.r1-a1,codex,both,contamination,CN12,What was Coca Cola İçecek's (BIST: CCOLA) average number of employees in 2025?,CN12.f1,sourced,"Coca Cola İçecek's average employee count for 2025 was 10,624 (the filing gives the blue collar and white collar split in opposite orders in two tables, so the split is not part of this fact)","10,624",employees,10.624; 10624,https://mosaic-finance.com/filings/2c64505d-5bd5-4195-93e5-057a1b513974/p/80e4c6bf-2c97-44d7-9240-131f5a9520e5/k1.eOcVBW0KF4WjoaSMUP-6zizEtss7iG0Xwdi_NgCMAPU/,1565282,,,,|Ortalama Çalışan Sayısı|10.624|10.365|,correct,B,,correct,,correct,"amendment 5 key correction (pre registration section 16.2): CN12.f1 statement replaced; pass B re-judged on the corrected key, stored verdict correct",key_correction
key_correction,20261007T224129821347Z-codex.web.CN12.r2-a1,codex,web,contamination,CN12,What was Coca Cola İçecek's (BIST: CCOLA) average number of employees in 2025?,CN12.f1,sourced,"Coca Cola İçecek's average employee count for 2025 was 10,624 (the filing gives the blue collar and white collar split in opposite orders in two tables, so the split is not part of this fact)","10,624",employees,10.624; 10624,https://mosaic-finance.com/filings/2c64505d-5bd5-4195-93e5-057a1b513974/p/80e4c6bf-2c97-44d7-9240-131f5a9520e5/k1.eOcVBW0KF4WjoaSMUP-6zizEtss7iG0Xwdi_NgCMAPU/,1565282,,,,|Ortalama Çalışan Sayısı|10.624|10.365|,correct,B,,correct,,correct,"amendment 5 key correction (pre registration section 16.2): CN12.f1 statement replaced; pass B re-judged on the corrected key, stored verdict correct",key_correction
key_correction,20261007T224135499535Z-codex.archivist.CN12.r2-a1,codex,archivist,contamination,CN12,What was Coca Cola İçecek's (BIST: CCOLA) average number of employees in 2025?,CN12.f1,sourced,"Coca Cola İçecek's average employee count for 2025 was 10,624 (the filing gives the blue collar and white collar split in opposite orders in two tables, so the split is not part of this fact)","10,624",employees,10.624; 10624,https://mosaic-finance.com/filings/2c64505d-5bd5-4195-93e5-057a1b513974/p/80e4c6bf-2c97-44d7-9240-131f5a9520e5/k1.eOcVBW0KF4WjoaSMUP-6zizEtss7iG0Xwdi_NgCMAPU/,1565282,,,,|Ortalama Çalışan Sayısı|10.624|10.365|,correct,B,,correct,,correct,"amendment 5 key correction (pre registration section 16.2): CN12.f1 statement replaced; pass B re-judged on the corrected key, stored verdict correct",key_correction
key_correction,20261007T224142768900Z-codex.both.CN12.r2-a1,codex,both,contamination,CN12,What was Coca Cola İçecek's (BIST: CCOLA) average number of employees in 2025?,CN12.f1,sourced,"Coca Cola İçecek's average employee count for 2025 was 10,624 (the filing gives the blue collar and white collar split in opposite orders in two tables, so the split is not part of this fact)","10,624",employees,10.624; 10624,https://mosaic-finance.com/filings/2c64505d-5bd5-4195-93e5-057a1b513974/p/80e4c6bf-2c97-44d7-9240-131f5a9520e5/k1.eOcVBW0KF4WjoaSMUP-6zizEtss7iG0Xwdi_NgCMAPU/,1565282,,,,|Ortalama Çalışan Sayısı|10.624|10.365|,correct,B,,correct,,correct,"amendment 5 key correction (pre registration section 16.2): CN12.f1 statement replaced; pass B re-judged on the corrected key, stored verdict correct",key_correction
key_correction,20261007T224822972921Z-codex.web.CN12.r3-a1,codex,web,contamination,CN12,What was Coca Cola İçecek's (BIST: CCOLA) average number of employees in 2025?,CN12.f1,sourced,"Coca Cola İçecek's average employee count for 2025 was 10,624 (the filing gives the blue collar and white collar split in opposite orders in two tables, so the split is not part of this fact)","10,624",employees,10.624; 10624,https://mosaic-finance.com/filings/2c64505d-5bd5-4195-93e5-057a1b513974/p/80e4c6bf-2c97-44d7-9240-131f5a9520e5/k1.eOcVBW0KF4WjoaSMUP-6zizEtss7iG0Xwdi_NgCMAPU/,1565282,,,,|Ortalama Çalışan Sayısı|10.624|10.365|,correct,B,,correct,,correct,"amendment 5 key correction (pre registration section 16.2): CN12.f1 statement replaced; pass B re-judged on the corrected key, stored verdict correct",key_correction
key_correction,20261007T224830508431Z-codex.archivist.CN12.r3-a1,codex,archivist,contamination,CN12,What was Coca Cola İçecek's (BIST: CCOLA) average number of employees in 2025?,CN12.f1,sourced,"Coca Cola İçecek's average employee count for 2025 was 10,624 (the filing gives the blue collar and white collar split in opposite orders in two tables, so the split is not part of this fact)","10,624",employees,10.624; 10624,https://mosaic-finance.com/filings/2c64505d-5bd5-4195-93e5-057a1b513974/p/80e4c6bf-2c97-44d7-9240-131f5a9520e5/k1.eOcVBW0KF4WjoaSMUP-6zizEtss7iG0Xwdi_NgCMAPU/,1565282,,,,|Ortalama Çalışan Sayısı|10.624|10.365|,correct,B,,correct,,correct,"amendment 5 key correction (pre registration section 16.2): CN12.f1 statement replaced; pass B re-judged on the corrected key, stored verdict correct",key_correction
key_correction,20261007T224836510048Z-codex.both.CN12.r3-a1,codex,both,contamination,CN12,What was Coca Cola İçecek's (BIST: CCOLA) average number of employees in 2025?,CN12.f1,sourced,"Coca Cola İçecek's average employee count for 2025 was 10,624 (the filing gives the blue collar and white collar split in opposite orders in two tables, so the split is not part of this fact)","10,624",employees,10.624; 10624,https://mosaic-finance.com/filings/2c64505d-5bd5-4195-93e5-057a1b513974/p/80e4c6bf-2c97-44d7-9240-131f5a9520e5/k1.eOcVBW0KF4WjoaSMUP-6zizEtss7iG0Xwdi_NgCMAPU/,1565282,,,,|Ortalama Çalışan Sayısı|10.624|10.365|,correct,B,,correct,,correct,"amendment 5 key correction (pre registration section 16.2): CN12.f1 statement replaced; pass B re-judged on the corrected key, stored verdict correct",key_correction
